id,out_of_range,quality_grade,captive_cultivated,latitude,longitude,positional_accuracy,coordinates_obscured,scientific_name,iconic_taxon_name
31958,false,research,false,-34.2839993867,18.4295654297,,false,Anthobaphes violacea,Aves
202924,false,research,false,-34.3370695267,18.4579467765,,false,Anthobaphes violacea,Aves
260704,false,research,false,-34.085649,23.226686,110,false,Anthobaphes violacea,Aves
461904,false,research,false,-34.104982,23.397102,777,false,Anthobaphes violacea,Aves
498491,false,research,false,-34.352039,18.927383,437,false,Anthobaphes violacea,Aves
556149,false,research,false,-33.958025,18.402852,,false,Anthobaphes violacea,Aves
614952,false,research,false,-33.988883,18.429437,220,false,Anthobaphes violacea,Aves
830301,false,research,false,-33.987501,18.432722,882,false,Anthobaphes violacea,Aves
867572,false,research,false,-34.063525,18.387165,425,false,Anthobaphes violacea,Aves
1087798,false,research,false,-33.988495,18.42595,55,false,Anthobaphes violacea,Aves
1186935,false,research,false,-34.196123,18.429834,37,false,Anthobaphes violacea,Aves
1678039,false,research,false,-33.706919,19.795303,,false,Anthobaphes violacea,Aves
1678040,false,research,false,-33.706919,19.795303,,false,Anthobaphes violacea,Aves
2794719,false,research,false,-33.983723,18.431454,798,false,Anthobaphes violacea,Aves
2794734,false,research,false,-33.983723,18.431454,798,false,Anthobaphes violacea,Aves
2844091,false,research,false,-33.98622,18.431692,554,false,Anthobaphes violacea,Aves
3734862,false,research,false,-33.9894283333,18.4260066667,,false,Anthobaphes violacea,Aves
3919743,false,research,false,-33.9433599466,18.4268188477,1953,false,Anthobaphes violacea,Aves
4270256,false,research,false,-34.438782,19.619543,,false,Anthobaphes violacea,Aves
4969997,false,research,false,-34.3935702202,19.2668545246,8,false,Anthobaphes violacea,Aves
4989483,false,research,false,-33.958134,18.40387,205,false,Anthobaphes violacea,Aves
5011269,false,research,false,-34.393923,19.266006,,false,Anthobaphes violacea,Aves
5032413,false,research,false,-33.9628210443,18.409844152,,false,Anthobaphes violacea,Aves
5046836,false,research,false,-34.804547434,19.9734549245,,false,Anthobaphes violacea,Aves
5046840,false,research,false,-34.8042907715,19.9534893036,,false,Anthobaphes violacea,Aves
5133844,false,research,false,-34.0539465444,19.0362572314,,false,Anthobaphes violacea,Aves
6276458,false,research,false,-34.3530227814,18.4890276806,202,false,Anthobaphes violacea,Aves
7558112,false,research,false,-34.3954192618,19.2660176754,31,false,Anthobaphes violacea,Aves
8034731,false,research,false,-34.31916,18.823506,,false,Anthobaphes violacea,Aves
8283649,false,research,false,-33.7271194444,18.9357722222,0,false,Anthobaphes violacea,Aves
8446099,false,research,false,-33.9248685,18.4240553,73682,false,Anthobaphes violacea,Aves
8995197,false,research,false,-33.9370938377,21.0627785414,,false,Anthobaphes violacea,Aves
9110007,false,research,false,-33.9579606148,18.4031403065,31,false,Anthobaphes violacea,Aves
9110012,false,research,false,-33.9579345851,18.4031966329,8,false,Anthobaphes violacea,Aves
9223680,false,research,false,-34.39428,19.2660766667,,false,Anthobaphes violacea,Aves
9226527,false,research,false,-34.3478651951,18.9294433594,31,false,Anthobaphes violacea,Aves
9267244,false,research,false,-33.9875011,18.432722,483,false,Anthobaphes violacea,Aves
9331553,false,research,false,-34.52901,19.89452,5,false,Anthobaphes violacea,Aves
9347816,false,research,false,-33.9650032945,18.4103393555,244,false,Anthobaphes violacea,Aves
9353296,false,research,false,-34.3438612737,18.9312672634,190,false,Anthobaphes violacea,Aves
9381333,false,research,false,-34.3943999501,19.31682194,5,false,Anthobaphes violacea,Aves
9651648,false,research,false,-33.9736559695,18.4095960368,2193,false,Anthobaphes violacea,Aves
9685371,false,research,false,-33.99076,18.429058,,false,Anthobaphes violacea,Aves
9714970,false,research,false,-33.9874239815,18.4293937683,122,false,Anthobaphes violacea,Aves
9820983,false,research,false,-33.9611,18.4096083333,,false,Anthobaphes violacea,Aves
9856822,false,research,false,-33.971934,18.407094,2255,false,Anthobaphes violacea,Aves
9931202,false,research,false,-33.968420162,18.4259605408,244,false,Anthobaphes violacea,Aves
10023372,false,research,false,-33.9875011,18.432722,483,false,Anthobaphes violacea,Aves
10097658,false,research,false,-33.36229,22.08335,,false,Anthobaphes violacea,Aves
10124051,false,research,false,-34.313225,19.0057283333,,false,Anthobaphes violacea,Aves
10450079,false,research,false,-34.3945325,19.2658868,194,false,Anthobaphes violacea,Aves
10523819,false,research,false,-33.9875011,18.432722,483,false,Anthobaphes violacea,Aves
10523921,false,research,false,-33.9875011,18.432722,483,false,Anthobaphes violacea,Aves
10523958,false,research,false,-33.9875011,18.432722,483,false,Anthobaphes violacea,Aves
10783676,false,research,false,-33.988822,18.42884,1,false,Anthobaphes violacea,Aves
10788041,false,research,false,-34.07946,18.3899,1,false,Anthobaphes violacea,Aves
10789052,false,research,false,-34.12421,18.4469,1,false,Anthobaphes violacea,Aves
10791429,false,research,false,-34.39636,19.26228,1,false,Anthobaphes violacea,Aves
10794165,false,research,false,-34.2816250248,18.2144822037,1,true,Anthobaphes violacea,Aves
10794318,false,research,false,-34.224,18.4139,1,false,Anthobaphes violacea,Aves
10796175,false,research,false,-33.99278,18.41861,1,false,Anthobaphes violacea,Aves
10797620,false,research,false,-34.036914,19.615629,1,false,Anthobaphes violacea,Aves
10798613,false,research,false,-34.2061702,18.4537241,1,false,Anthobaphes violacea,Aves
10805766,false,research,false,-34.1177,18.4535,1,false,Anthobaphes violacea,Aves
10805909,false,research,false,-34.1167,18.4564,1,false,Anthobaphes violacea,Aves
10806699,false,research,false,-34.6386,19.5177,1,false,Anthobaphes violacea,Aves
10821407,false,research,false,-34.0925047,18.4233563,1,false,Anthobaphes violacea,Aves
10832522,false,research,false,-34.33639,18.9919,1,false,Anthobaphes violacea,Aves
10835993,false,research,false,-34.3169,18.419,1,false,Anthobaphes violacea,Aves
10836032,false,research,false,-34.0673,18.3859,1,false,Anthobaphes violacea,Aves
10843023,false,research,false,-34.51033,19.92958,1,false,Anthobaphes violacea,Aves
10845743,false,research,false,-33.9894,18.4303,1,false,Anthobaphes violacea,Aves
10846531,false,research,false,-34.08353,23.20661,1,false,Anthobaphes violacea,Aves
10847402,false,research,false,-33.93078,22.51592,1,false,Anthobaphes violacea,Aves
10850256,false,research,false,-33.9894,18.4303,1,false,Anthobaphes violacea,Aves
10851127,false,research,false,-33.95765,18.40301,1,false,Anthobaphes violacea,Aves
10851541,false,research,false,-34.05722731,18.38542311,1,false,Anthobaphes violacea,Aves
10855840,false,research,false,-33.5666,19.4209,1,false,Anthobaphes violacea,Aves
10859109,false,research,false,-33.94902,18.40497,1,false,Anthobaphes violacea,Aves
10863060,false,research,false,-34.02292174,18.40369884,1,false,Anthobaphes violacea,Aves
10863072,false,research,false,-34.0229192301,18.40369413,1,false,Anthobaphes violacea,Aves
10863274,false,research,false,-32.4044473611,19.1835895278,1,false,Anthobaphes violacea,Aves
10863283,false,research,false,-32.4044473611,19.1835895278,1,false,Anthobaphes violacea,Aves
10863290,false,research,false,-32.4044482222,19.1835886944,1,false,Anthobaphes violacea,Aves
10863309,false,research,false,-32.40448339,19.1835775,1,false,Anthobaphes violacea,Aves
10864862,false,research,false,-34.131618,18.435264,1,false,Anthobaphes violacea,Aves
10869163,false,research,false,-33.99005713,18.42312813,1,false,Anthobaphes violacea,Aves
10869660,false,research,false,-33.3573366667,22.058505,1,false,Anthobaphes violacea,Aves
10875827,false,research,false,-33.5666,19.4209,1,false,Anthobaphes violacea,Aves
10875940,false,research,false,-33.89886,19.15757,1,false,Anthobaphes violacea,Aves
10877709,false,research,false,-33.8659469501,22.85108465,1,false,Anthobaphes violacea,Aves
10877833,false,research,false,-33.7774284,23.1553146,1,false,Anthobaphes violacea,Aves
10878646,false,research,false,-34.1250084,18.447893,1,false,Anthobaphes violacea,Aves
10882125,false,research,false,-33.88089,21.93963,1,false,Anthobaphes violacea,Aves
10887981,false,research,false,-34.6548185556,19.5666671389,1,false,Anthobaphes violacea,Aves
10891184,false,research,false,-33.35225,22.15256,1,false,Anthobaphes violacea,Aves
10892334,false,research,false,-34.256,18.3852,1,false,Anthobaphes violacea,Aves
10893326,false,research,false,-32.3839136667,19.1474456389,1,false,Anthobaphes violacea,Aves
10893719,false,research,false,-33.98959,18.426674,1,false,Anthobaphes violacea,Aves
10893816,false,research,false,-33.989684,18.426787,1,false,Anthobaphes violacea,Aves
10897066,false,research,false,-33.81728,22.65961,1,false,Anthobaphes violacea,Aves
10897085,false,research,false,-33.81728,22.65961,1,false,Anthobaphes violacea,Aves
10897952,false,research,false,-34.0622,18.8758,1,false,Anthobaphes violacea,Aves
10898183,false,research,false,-33.81586,22.65086,1,false,Anthobaphes violacea,Aves
10904593,false,research,false,-34.14745538,18.4313190699,1,false,Anthobaphes violacea,Aves
10904726,false,research,false,-34.14726128,18.42763774,1,false,Anthobaphes violacea,Aves
10906734,false,research,false,-34.11963646,18.45044995,1,false,Anthobaphes violacea,Aves
10907235,false,research,false,-34.658785,19.575856,1,false,Anthobaphes violacea,Aves
10915678,false,research,false,-33.655,21.491,110,false,Anthobaphes violacea,Aves
10918230,false,research,false,-33.8909094425,18.4827847064,1,true,Anthobaphes violacea,Aves
10920768,false,research,false,-34.3469851462,18.2098399836,1,true,Anthobaphes violacea,Aves
10922595,false,research,false,-33.9588,18.4031,1,false,Anthobaphes violacea,Aves
10926639,false,research,false,-33.35271,22.04958,1,false,Anthobaphes violacea,Aves
10937542,false,research,false,-34.0539465444,19.0362572314,1,false,Anthobaphes violacea,Aves
10943268,false,research,false,-33.9891,18.42685,1,false,Anthobaphes violacea,Aves
10943575,false,research,false,-34.0139635326,19.7102307155,70,false,Anthobaphes violacea,Aves
10947943,false,research,false,-33.9731580833,18.4177804722,1,false,Anthobaphes violacea,Aves
10948219,false,research,false,-33.9876249167,18.4313230278,1,false,Anthobaphes violacea,Aves
10950745,false,research,false,-33.9629976389,21.2533713889,1,false,Anthobaphes violacea,Aves
10950955,false,research,false,-33.9638696111,21.2681247778,1,false,Anthobaphes violacea,Aves
10951603,false,research,false,-33.97431025,21.2974458333,1,false,Anthobaphes violacea,Aves
10952536,false,research,false,-34.1084013611,18.4368485278,1,false,Anthobaphes violacea,Aves
10954158,false,research,false,-33.3646641111,19.6307353889,1,false,Anthobaphes violacea,Aves
10956679,false,research,false,-34.09491578,18.45532549,1,false,Anthobaphes violacea,Aves
10958929,false,research,false,-33.359,22.055,110,false,Anthobaphes violacea,Aves
10959002,false,research,false,-34.0708411111,18.3950451389,1,false,Anthobaphes violacea,Aves
10959110,false,research,false,-33.88356,22.43104,1,false,Anthobaphes violacea,Aves
10960385,false,research,false,-34.3519444444,18.9269444444,1,false,Anthobaphes violacea,Aves
10961040,false,research,false,-34.0506425278,19.0378346944,1,false,Anthobaphes violacea,Aves
10965366,false,research,false,-33.88546,22.39758,1,false,Anthobaphes violacea,Aves
10966615,false,research,false,-33.88964893,22.77029802,1,false,Anthobaphes violacea,Aves
10968347,false,research,false,-34.308615,18.818467,1,false,Anthobaphes violacea,Aves
10973142,false,research,false,-34.0452920833,19.92296,1,false,Anthobaphes violacea,Aves
10976321,false,research,false,-34.8042907715,19.9534893036,1,false,Anthobaphes violacea,Aves
10976329,false,research,false,-34.804547434,19.9734549245,1,false,Anthobaphes violacea,Aves
10977588,false,research,false,-34.0718668333,18.3976576667,1,false,Anthobaphes violacea,Aves
10986487,false,research,false,-33.87736,22.30801,1,false,Anthobaphes violacea,Aves
10986491,false,research,false,-33.87736,22.30801,1,false,Anthobaphes violacea,Aves
10988084,false,research,false,-34.2384446667,19.0203326667,1,false,Anthobaphes violacea,Aves
10995053,false,research,false,-33.87074,22.28576,1,false,Anthobaphes violacea,Aves
11004315,false,research,false,-32.8697083333,18.7337966667,1,false,Anthobaphes violacea,Aves
11004701,false,research,false,-34.1074356389,18.4252410833,1,false,Anthobaphes violacea,Aves
11005047,false,research,false,-33.9631,21.7326,1,false,Anthobaphes violacea,Aves
11011634,false,research,false,-33.749767429,19.9691854931,52,false,Anthobaphes violacea,Aves
11013861,false,research,false,-34.3079157,18.8176663,1,false,Anthobaphes violacea,Aves
11018796,false,research,false,-33.9875,18.4327,1,false,Anthobaphes violacea,Aves
11020778,false,research,false,-33.983,18.41779,1,false,Anthobaphes violacea,Aves
11022865,false,research,false,-33.98881,18.42646,1,false,Anthobaphes violacea,Aves
11023777,false,research,false,-34.0460455278,18.8711372778,1,false,Anthobaphes violacea,Aves
11024254,false,research,false,-33.99239449,18.42749462,1,false,Anthobaphes violacea,Aves
11026238,false,research,false,-34.09737,23.27139,1,false,Anthobaphes violacea,Aves
11031312,false,research,false,-34.05679,18.87577,1,false,Anthobaphes violacea,Aves
11032282,false,research,false,-33.84469,22.41447,1,false,Anthobaphes violacea,Aves
11032387,false,research,false,-33.9752721667,18.4206803889,1,false,Anthobaphes violacea,Aves
11039765,false,research,false,-34.3266680556,19.0143230278,1,false,Anthobaphes violacea,Aves
11039769,false,research,false,-33.9603614722,18.4062385556,1,false,Anthobaphes violacea,Aves
11040433,false,research,false,-33.3713111667,19.6606597778,1,false,Anthobaphes violacea,Aves
11042118,false,research,false,-34.44959,20.41187,1,false,Anthobaphes violacea,Aves
11043908,false,research,false,-34.3807020556,19.2728921667,1,false,Anthobaphes violacea,Aves
11044469,false,research,false,-34.5571,19.4731,1,false,Anthobaphes violacea,Aves
11046541,false,research,false,-33.37633,22.42709,1,false,Anthobaphes violacea,Aves
11046582,false,research,false,-33.37636,22.42711,1,false,Anthobaphes violacea,Aves
11050400,false,research,false,-33.7842124167,20.8423518889,1,false,Anthobaphes violacea,Aves
11054798,false,research,false,-33.61248175,19.9602716111,1,false,Anthobaphes violacea,Aves
11058908,false,research,false,-33.4923171944,19.3037166389,1,false,Anthobaphes violacea,Aves
11060301,false,research,false,-33.7312865,20.2082397778,1,false,Anthobaphes violacea,Aves
11060995,false,research,false,-33.9875,18.4075,1,false,Anthobaphes violacea,Aves
11064340,false,research,false,-33.9884,18.4261,1,false,Anthobaphes violacea,Aves
11066861,false,research,false,-34.19909,22.12629,1,false,Anthobaphes violacea,Aves
11073916,false,research,false,-33.9635314722,18.4066276389,1,false,Anthobaphes violacea,Aves
11081208,false,research,false,-33.3504960833,19.6237534167,1,false,Anthobaphes violacea,Aves
11084775,false,research,false,-33.9872,18.4283,1,false,Anthobaphes violacea,Aves
11086311,false,research,false,-33.988,18.4282,1,false,Anthobaphes violacea,Aves
11087811,false,research,false,-33.9875,18.4281,1,false,Anthobaphes violacea,Aves
11088201,false,research,false,-33.0472216944,19.0999094444,1,false,Anthobaphes violacea,Aves
11088527,false,research,false,-33.989,18.4284,1,false,Anthobaphes violacea,Aves
11090841,false,research,false,-33.02068618,19.0719346,1,false,Anthobaphes violacea,Aves
11092002,false,research,false,-33.9872,18.428,1,false,Anthobaphes violacea,Aves
11095168,false,research,false,-33.95946,18.40534,1,false,Anthobaphes violacea,Aves
11098022,false,research,false,-33.0440607778,19.1041581667,1,false,Anthobaphes violacea,Aves
11105532,false,research,false,-34.1656306944,18.9764420833,1,false,Anthobaphes violacea,Aves
11105555,false,research,false,-34.16731417,18.9728875201,1,false,Anthobaphes violacea,Insecta
11130546,false,research,false,-34.09879,23.30663,1,false,Anthobaphes violacea,Aves
11136876,false,research,false,-33.37406,22.43311,1,false,Anthobaphes violacea,Aves
11138378,false,research,false,-33.3735,22.43195,1,false,Anthobaphes violacea,Aves
11148891,false,research,false,-34.15000139,18.43353669,1,false,Anthobaphes violacea,Aves
11150888,false,research,false,-34.14863964,18.42905113,1,false,Anthobaphes violacea,Aves
11152832,false,research,false,-33.62611,22.94454,1,false,Anthobaphes violacea,Aves
11153526,false,research,false,-33.9875,18.43,1,false,Anthobaphes violacea,Aves
11155785,false,research,false,-33.8613,23.8467,1,false,Anthobaphes violacea,Aves
11158063,false,research,false,-34.09964217,18.43063199,1,false,Anthobaphes violacea,Aves
11162028,false,research,false,-33.9785,18.41242,1,false,Anthobaphes violacea,Aves
11163422,false,research,false,-33.97836,18.41086,1,false,Anthobaphes violacea,Aves
11163686,false,research,false,-33.98227,18.41427,1,false,Anthobaphes violacea,Aves
11166560,false,research,false,-33.97963,18.40789,1,false,Anthobaphes violacea,Aves
11168747,false,research,false,-33.69060874,19.0951460501,1,false,Anthobaphes violacea,Aves
11169588,false,research,false,-34.10075,23.37538,1,false,Anthobaphes violacea,Aves
11170686,false,research,false,-34.10084,23.37592,1,false,Anthobaphes violacea,Aves
11178104,false,research,false,-34.3541,18.492,1,false,Anthobaphes violacea,Aves
11179209,false,research,false,-33.9584640006,18.4042453766,167,false,Anthobaphes violacea,Aves
11180077,false,research,false,-33.988162,18.427672,1,false,Anthobaphes violacea,Aves
11180282,false,research,false,-33.9883,18.42777,1,false,Anthobaphes violacea,Aves
11180563,false,research,false,-33.988638,18.428739,1,false,Anthobaphes violacea,Aves
11182577,false,research,false,-33.97817,18.41076,1,false,Anthobaphes violacea,Aves
11182595,false,research,false,-33.97837,18.41059,1,false,Anthobaphes violacea,Aves
11184182,false,research,false,-33.98899,18.42805,1,false,Anthobaphes violacea,Aves
11185375,false,research,false,-34.1191681389,18.4428369722,1,false,Anthobaphes violacea,Aves
11185746,false,research,false,-34.1191681389,18.4428369722,1,false,Anthobaphes violacea,Aves
11185751,false,research,false,-33.98013,18.40857,1,false,Anthobaphes violacea,Aves
11193903,false,research,false,-33.881664,22.399763,1,false,Anthobaphes violacea,Aves
11195120,false,research,false,-34.11344,19.24021,1,false,Anthobaphes violacea,Aves
11197749,false,research,false,-34.05138,18.43473,1,false,Anthobaphes violacea,Aves
11198744,false,research,false,-34.2031594198,18.2407652746,1,true,Anthobaphes violacea,Aves
11200562,false,research,false,-33.9887,18.42668,1,false,Anthobaphes violacea,Aves
11200919,false,research,false,-33.98879,18.42663,1,false,Anthobaphes violacea,Aves
11200940,false,research,false,-33.9873,18.43173,1,false,Anthobaphes violacea,Aves
11201442,false,research,false,-33.9746796667,18.4206031389,1,false,Anthobaphes violacea,Aves
11203997,false,research,false,-33.98733,18.43176,1,false,Anthobaphes violacea,Aves
11206294,false,research,false,-33.6886385833,19.0955834444,1,false,Anthobaphes violacea,Aves
11207180,false,research,false,-33.988847,18.429217,1,false,Anthobaphes violacea,Aves
11209110,false,research,false,-34.1317,18.4349,1,false,Anthobaphes violacea,Aves
11209866,false,research,false,-33.9195,18.4008,1,false,Anthobaphes violacea,Aves
11212444,false,research,false,-33.98463,18.41927,1,false,Anthobaphes violacea,Aves
11214900,false,research,false,-33.98825,18.42963,1,false,Anthobaphes violacea,Aves
11220879,false,research,false,-33.36235,22.07727,1,false,Anthobaphes violacea,Aves
11227578,false,research,false,-33.98878,18.42925,1,false,Anthobaphes violacea,Aves
11227789,false,research,false,-33.91942,22.43958,1,false,Anthobaphes violacea,Aves
11229642,false,research,false,-33.98867,18.42631,1,false,Anthobaphes violacea,Aves
11230255,false,research,false,-34.3275,19.032,1,false,Anthobaphes violacea,Aves
11239496,false,research,false,-34.1272213,18.4162626,1,false,Anthobaphes violacea,Aves
11246038,false,research,false,-34.0946821111,18.43875375,1,false,Anthobaphes violacea,Aves
11246258,false,research,false,-32.4230111389,19.0971375556,1,false,Anthobaphes violacea,Aves
11253705,false,research,false,-34.1142851667,18.4443883056,1,false,Anthobaphes violacea,Aves
11257158,false,research,false,-34.36434,18.8326666667,1,false,Anthobaphes violacea,Aves
11263887,false,research,false,-34.3461,18.9267,1,false,Anthobaphes violacea,Aves
11264354,false,research,false,-34.1008214148,23.3778655529,36,false,Anthobaphes violacea,Aves
11267498,false,research,false,-33.9933395556,18.4123456389,1,false,Anthobaphes violacea,Aves
11274780,false,research,false,-32.53516554,19.2325340599,1,false,Anthobaphes violacea,Aves
11277448,false,research,false,-32.47015632,19.15757514,1,false,Anthobaphes violacea,Aves
11282352,false,research,false,-33.9934188333,18.4121419167,1,false,Anthobaphes violacea,Aves
11288976,false,research,false,-32.31627675,19.2074401944,1,false,Anthobaphes violacea,Aves
11291658,false,research,false,-32.3331018889,19.1992929444,1,false,Anthobaphes violacea,Aves
11295192,false,research,false,-33.9872,18.4317,1,false,Anthobaphes violacea,Aves
11295772,false,research,false,-34.3268,19.0133,1,false,Anthobaphes violacea,Aves
11303186,false,research,false,-33.98864,18.42657,1,false,Anthobaphes violacea,Aves
11305063,false,research,false,-32.48122072,19.16153669,1,false,Anthobaphes violacea,Aves
11307436,false,research,false,-34.09595361,18.43508836,1,false,Anthobaphes violacea,Aves
11310786,false,research,false,-32.5111837,19.15701531,1,false,Anthobaphes violacea,Aves
11322451,false,research,false,-33.935068,23.821159,1,false,Anthobaphes violacea,Aves
11330035,false,research,false,-33.9153,23.7779,1,false,Anthobaphes violacea,Aves
11338825,false,research,false,-34.1123697222,18.4396069444,1,false,Anthobaphes violacea,Aves
12083242,false,research,false,-34.0137850409,23.3282318199,977,false,Anthobaphes violacea,Aves
12465120,false,research,false,-32.4939564444,19.2480466111,10,false,Anthobaphes violacea,Aves
12478626,false,research,false,-33.9922613767,20.4617885651,48,false,Anthobaphes violacea,Aves
12518906,false,research,false,-34.4085333333,19.5260466667,,false,Anthobaphes violacea,Aves
12654066,false,research,false,-33.9578220867,18.403250277,4,false,Anthobaphes violacea,Aves
13422015,false,research,false,-33.9954083397,18.9794725696,492,false,Anthobaphes violacea,Aves
13473910,false,research,false,-34.0886248889,18.39856625,5,false,Anthobaphes violacea,Aves
14228712,false,research,false,-34.33254,21.79788,,false,Anthobaphes violacea,Aves
14233832,false,research,false,-34.393733708,19.2667048499,2,false,Anthobaphes violacea,Aves
14475189,false,research,false,-32.2410698671,19.0330670414,7774,false,Anthobaphes violacea,Aves
14573764,false,research,false,-33.9622366667,18.40712,,false,Anthobaphes violacea,Aves
14600379,false,research,false,-34.0343093611,18.8723239722,,false,Anthobaphes violacea,Aves
14984232,false,research,false,-33.9595866599,19.5204505937,1891,false,Anthobaphes violacea,Aves
15269017,false,research,false,-34.02884896,19.60837092,,false,Anthobaphes violacea,Aves
